source,CDRH3,poly_count
mouse_IgA,CARRGYYYGSFDYW,0
mouse_IgA,CAIDYDQAMDYW,0
mouse_IgA,CARFYGNYEDYYAMDYW,0
mouse_IgA,CARLDSSGYDYAMDYW,0
mouse_IgA,CARQEGNSGEYYFDYW,0
mouse_IgA,CARVYYYGSSNAMDYW,0
mouse_IgA,CARHATSYAMDYW,0
mouse_IgA,CARGGDYDDDAMDYW,0
mouse_IgA,CARGDGYLYYYAMDYW,0
mouse_IgA,CARHQANDYFDYW,0
mouse_IgA,CARSSVVAHWYFDVW,0
mouse_IgA,CARNDYGRHFDYW,0
mouse_IgA,CARSGIYYDYEDYYAMDYW,0
mouse_IgA,CAIYGSSPYYAMDYW,0
mouse_IgA,CVRQGGLLSHYYAMDYW,0
mouse_IgA,CARGGAVVARGYYYAMDYW,0
mouse_IgA,CARFYYYGSSSYFDYW,0
mouse_IgA,CAKSSNWAYFDYW,0
mouse_IgA,CAREGGYYGGFDYW,0
mouse_IgA,CARGLVYWYFDVW,0
mouse_IgA,CARAGTDYW,0
mouse_IgA,CARRDYDDAMDYW,0
mouse_IgA,CARYYGGDFDYW,0
mouse_IgA,CARGLWDYAMDYW,0
mouse_IgA,CTGYYDYDFDYW,0
mouse_IgA,CARDSDGYPFDYW,0
mouse_IgA,CARHGNWYFDVW,0
mouse_IgA,CAREGSNPYFDYW,0
mouse_IgA,CARHELGQYYFDYW,0
mouse_IgA,CARGDGNYPYWYFDVW,0
mouse_IgA,CARDGSGYFDVW,0
mouse_IgA,CASGANWGFFDYW,0
mouse_IgA,CARDRDDYDYFDYW,0
mouse_IgA,CARGYGSSPYYAMDYW,0
mouse_IgA,CARPGGNYGYAMDYW,0
mouse_IgA,CARVHYGDYFDYW,0
mouse_IgA,CARRNYDWYYFDYW,0
mouse_IgA,CARRDYGNDYW,0
mouse_IgA,CARGGSSSDYW,0
mouse_IgA,CARRGGSSYEGWYFDVW,0
mouse_IgA,CARCPLYYYGSSPYAMDYW,0
mouse_IgA,CARGGPYYYGSSYAMDYW,0
mouse_IgA,CANWDYW,0
mouse_IgA,CARAYGSSFDYW,0
mouse_IgA,CARDGYGNDWYFDVW,0
mouse_IgA,CARSYYYGSSPYWYFDVW,0
mouse_IgA,CARGTEGFDYW,0
mouse_IgA,CARREDLVKDFDYW,0
mouse_IgA,CASFELGREGYFDVW,0
mouse_IgA,CARQNNYVAPFDYW,0
mouse_IgA,CARNDYDVRYAMDYW,0
mouse_IgA,CARDNWDQYYFDYW,0
mouse_IgA,CARSYYGSHWYFDVW,0
mouse_IgA,CARELGPGWYFDVW,0
mouse_IgA,CMRYGSSWYFDVW,0
mouse_IgA,CARHDYDWYFDVW,0
mouse_IgA,CARHYYGSSYYFDYW,0
mouse_IgA,CARNYDYFDYW,0
mouse_IgA,CARHAPNWYFDYW,0
mouse_IgA,CMRYSNYWYFDVW,0
mouse_IgA,CMRYGSYWYFDVW,0
mouse_IgA,CARDGYYYFDYW,0
mouse_IgA,CARHYYGSSYFDVW,0
mouse_IgA,CARHDYW,0
mouse_IgA,CARHGNYWYFDVW,0
mouse_IgA,CARDLGHYW,0
mouse_IgA,CARHYYGSSYVDYW,0
mouse_IgA,CARDFDYW,0
mouse_IgA,CASLYYSNYYAMDYW,0
mouse_IgA,CARERDAYWYFDVW,0
mouse_IgA,CVRHYYSNFDYW,0
mouse_IgA,CARDYYGSSYYFDYW,0
mouse_IgA,CARGDYDYW,0
mouse_IgA,CAREETGTNYFDYW,0
mouse_IgA,CARWITTVVATEYFDVW,0
mouse_IgA,CARSEGYEGYW,0
mouse_IgA,CARTDYYAMDYW,0
mouse_IgA,CARGGRYAMDYW,0
mouse_IgA,CASNFDYW,0
mouse_IgA,CARHYGSSLYAMDYW,0
mouse_IgA,CARPYYDGWYFDVW,0
mouse_IgA,CARVYYDYDGYYAMDYW,0
mouse_IgA,CARSYGSSYAMDYW,0
mouse_IgA,CARGNYAMDYW,0
mouse_IgA,CARHHYDENWYFDVW,0
mouse_IgA,CARDGNYAMDYW,0
mouse_IgA,CARHFSYDGYYEGYFDVW,0
mouse_IgA,CARGGTTVVAPRYFDVW,0
mouse_IgA,CAYGNYYAMDYW,0
mouse_IgA,CARDDGYFDYW,0
mouse_IgA,CARGGYYPGWYFDVW,0
mouse_IgA,CARDPPLLPLDYW,0
mouse_IgA,CARPSSGNYFDYW,0
mouse_IgA,CARHSSGLDYW,0
mouse_IgA,CARHETGLDYW,0
mouse_IgA,CARAGGPYAMDYW,0
mouse_IgA,CARRNWDWYFDVW,0
mouse_IgA,CARGQDYYGSSYFDYW,0
mouse_IgA,CVRFDGYYDYW,0
mouse_IgA,CSRELIIGRAMDYW,0
mouse_IgA,CTFYDGNAMDYW,0
mouse_IgA,CARYIRDYAMDYW,0
mouse_IgA,CARGWDFDYW,0
mouse_IgA,CARWGLREYYAMDYW,0
mouse_IgA,CARHSSGYFDYW,0
mouse_IgA,CARSGTGYW,0
mouse_IgA,CARHNSGLDYW,0
mouse_IgA,CARRDYYFDYW,0
mouse_IgA,CARDKNYSKYFDYW,0
mouse_IgA,CARHSYYGSGYVFDYW,0
mouse_IgA,CTNLYYAMDYW,0
mouse_IgA,CARREFPLDYW,0
mouse_IgA,CTGWVFDYW,0
mouse_IgA,CTREPHYYGSRDYDMDYW,0
mouse_IgA,CARSQWGGDYFDYW,0
mouse_IgA,CCARSGSRLWYFDVW,0
mouse_IgA,CTGGAYDGYYWYFDVW,0
mouse_IgA,CTDLPSLDYW,0
mouse_IgA,CARGGPFDYW,0
mouse_IgA,CASPDSSGYDAMDYW,0
mouse_IgA,CARESGIYYGNYDFDYW,0
mouse_IgA,CAKDSKFWYFDVW,0
mouse_IgA,CARRDDYGSNFYYAMDYW,0
mouse_IgA,CARGTLITTYFDFW,0
mouse_IgA,CTGPSDYW,0
mouse_IgA,CARERYLTGDAMDYW,0
mouse_IgA,CTRRYGSTFDYW,0
mouse_IgA,CVRYSDGFPYALDNW,0
mouse_IgA,CTGGRYYVPFDYW,0
mouse_IgA,CSRPEWLQNAMDYW,0
mouse_IgA,CARDTNYVSYAMDYW,0
mouse_IgA,CTGPLVGFDYW,0
mouse_IgA,CALGGYAMDFW,0
mouse_IgA,CTDPPQDYW,0
mouse_IgA,CASLLTSDW,0
mouse_IgA,CARDGFHRDFDVW,0
mouse_IgA,CTGIGYDWYFDVW,0
mouse_IgA,CARHEDDYYFGSSLDYW,0
mouse_IgA,CARGGTYYYSMDYW,0
mouse_IgA,CAKFPMDYW,0
mouse_IgA,CARYSNYFDYW,0
mouse_IgA,CARVDGYYFDYW,0
mouse_IgA,CARDGGVVDIWAMDYW,0
mouse_IgA,CARHYGYFDYW,0
mouse_IgA,CTDLGLGYW,0
mouse_IgA,CAREGIYYDYDLYYFDYW,0
mouse_IgA,CARGDYYFDYW,0
mouse_IgA,CARGGNWDVVFDYW,0
mouse_IgA,CARHGYDYAMDYW,0
mouse_IgA,CAAPNWYAMDYW,0
mouse_IgA,CTTVVDFDYW,0
mouse_IgA,CARGGSSYREDYYAMDYW,0
mouse_IgA,CARDGELGLYFDYW,0
mouse_IgA,CARGLTGAMDYW,0
mouse_IgA,CARPPNWDDWYFDVW,0
mouse_IgA,CARTEGYQGDFDYW,0
mouse_IgA,CTGPMDYW,0
mouse_IgA,CASSNYWYFDVW,0
mouse_IgA,CARRGTTVVADDDYW,0
mouse_IgA,CARYDGYYFDYW,0
mouse_IgA,CARYSNYFDYW,0
mouse_IgA,CARDGDWDGYFDVW,0
mouse_IgA,CARIYYGPDYW,0
mouse_IgA,CARSYDGHFDYW,0
mouse_IgA,CARLDYDGAMDYW,0
mouse_IgA,CARVREIYDGYYFDYW,1
mouse_IgA,CARHEEEELTAYFDYW,1
mouse_IgA,CARGTTKDYW,1
mouse_IgA,CARQITTVVDYFDYW,1
mouse_IgA,CARRSSGYVMRVMDYW,1
mouse_IgA,CARHEERGPYFDYW,1
mouse_IgA,CARGLWDYAMDYW,1
mouse_IgA,CARERDAYWYFDVW,1
mouse_IgA,CARRGVTTVVATRAMDYW,1
mouse_IgA,CMRYGSSYWYFDVW,1
mouse_IgA,CARDNYGSSYYFDYW,1
mouse_IgA,CATGYYFDYW,1
mouse_IgA,CARHYYGSSYYFDYW,1
mouse_IgA,CARYYGNYYAMDYW,1
mouse_IgA,CARYDYDYAMDYW,1
mouse_IgA,CASTNYDYDRFAYW,1
mouse_IgA,CVGGPYFDYW,1
mouse_IgA,CARTDTTVGYAMDYW,1
mouse_IgA,CASPYYYGSSWYFDVW,1
mouse_IgA,CYYFDYW,1
mouse_IgA,CTRGGTWYFDVW,1
mouse_IgA,CARDPYYYGSRSYAMDYW,1
mouse_IgA,CTFYDGNTLDYW,1
mouse_IgA,CRRRDWDGFDYW,1
mouse_IgA,CARIPHITTVVARYFDVW,1
mouse_IgA,CARETVLRYFDYW,1
mouse_IgA,CVRDPYYYGSRHGPMDYW,1
mouse_IgA,CANSFPYGSSYNWYFDVW,1
mouse_IgA,CARGGDWYFDVW,1
mouse_IgA,CVREVSYSNFDYW,1
mouse_IgA,CARYYSHYYAIDYW,1
mouse_IgA,CAREGNGYHVFDYW,1
mouse_IgA,CATQLGRGYFDYW,1
mouse_IgA,CARGGTEDYW,1
mouse_IgA,CFCTDNTGPYDYW,1
mouse_IgA,CTREPHYYGSRDYDMDYW,1
mouse_IgA,CARLTGRVDYW,1
mouse_IgA,CTDTTGPYDCW,1
mouse_IgA,CTREPHYYGNRDYDVDYW,1
mouse_IgA,CARERVIITVVGYFDVW,1
mouse_IgA,CARGGTGPYFDYW,1
mouse_IgA,CASPDSSGYDALDYW,1
mouse_IgA,CFCARGSNYXFDYW,1
mouse_IgA,CARSPPISDGYFGPFDYW,1
mouse_IgA,CCVRAFPFGYW,1
mouse_IgA,CARDKYYGSLDYW,1
mouse_IgA,CTRPYSNYLGAMYYW,1
mouse_IgA,CARIAGFYYFDYW,1
mouse_IgA,CARGGGSSYGYYAMDYW,1
mouse_IgA,CARPIYDGYYGLFDYW,1
mouse_IgA,CMVWLLRGYFDVW,1
mouse_IgA,CARVIYYGSSYNYAMDYW,1
mouse_IgA,CTKIYYDYLDYW,1
mouse_IgA,CTRRLYDYDVYYAMDYW,1
mouse_IgA,CAKTALYYFDYW,1
mouse_IgA,CARQNNYVAPFDYW,1
mouse_IgA,CARHEDYDWYFDVW,1
mouse_IgA,CARGGFYYFDYW,1
mouse_IgA,CARGGWLLDFDYW,1
mouse_IgA,CARGNSPAMDYW,1
mouse_IgA,CALMVTTGYWYFDVW,1
mouse_IgA,CAREGLGRGYFDVW,1
mouse_IgA,CARAGVYYYAMDYW,1
mouse_IgA,CARRGWDYAMDYW,1
mouse_IgA,CVRGGRLYYFDYW,1
mouse_IgA,CARYDGSSPFDVW,1
mouse_IgA,CARGTGNSYFDYW,1
mouse_IgA,CTELRRDYW,1
mouse_IgA,CARGRDGYYDYW,1
mouse_IgA,CARGISNYDAMDYW,1
mouse_IgA,CARFTTVVFDYW,1
mouse_IgA,CARYYSNSFDYW,1
mouse_IgA,CVRESITDWYFDVW,1
mouse_IgA,CARGGLGRDWYFDVW,1
mouse_IgA,CARRLTTLDYW,1
mouse_IgA,CTGAYFHWYFDVW,1
mouse_IgA,CARFYDGYFDYW,1
mouse_IgA,CAKHRGNFDYAMDYW,1
mouse_IgA,CARGLWDYAMDYW,2
mouse_IgA,CVRGNLLLRWYFDVW,2
mouse_IgA,CARGETGYYAMDYW,2
mouse_IgA,CARRRDGGWYFDVW,2
mouse_IgA,CARCPLYYYGSSPYAMDYW,2
mouse_IgA,CARYGSSYFDYW,2
mouse_IgA,CARYNYSNYAMDYW,2
mouse_IgA,CARQLDAMDYW,2
mouse_IgA,CTTWDRNGAYW,2
mouse_IgA,CARGYGSSYYFDYW,2
mouse_IgA,CTGGYDSAMDYW,2
mouse_IgA,CARSYDGYPYYYAMDYW,2
mouse_IgA,CTWDHYGSSYGW,2
mouse_IgA,CARHEDYGSSYPDYW,2
mouse_IgA,CARWDYW,2
mouse_IgA,CARQDYGFWYFDVW,2
mouse_IgA,CARHSSGLDYW,2
mouse_IgA,CARYRDVWWYFDVW,2
mouse_IgA,CARVLTGNDYW,2
mouse_IgA,CTVYYAYDGGYAMDYW,2
mouse_IgA,CAREYYGSSYWYFDVW,2
mouse_IgA,CAREGTKYGSSWYFDVW,2
mouse_IgA,CARRRNLYYAMDYW,2
mouse_IgA,CARRAVVVTDWYFDVW,2
mouse_IgA,CASLNWDRAMDYW,2
mouse_IgA,CARGLRDFDYW,2
mouse_IgA,CGLGFDFW,2
mouse_IgA,CARGAGREDYW,2
mouse_IgA,CARFTTYFSNYGYFDVW,2
mouse_IgA,CARGLNWFDYW,2
mouse_IgA,CGRIAGYYGSTYYFDYW,2
mouse_IgA,CARDYPMDYW,2
mouse_IgA,CARRNSGRSGPYYFDFW,2
mouse_IgA,CTRAHRFYFAMDYW,2
mouse_IgA,CARGLWDYAMDYW,2
mouse_IgA,CAREMIVTTDWYFDVW,2
mouse_IgA,CAHYGHWYFDVW,2
mouse_IgA,CARHSSGYVFDYW,2
mouse_IgA,CTRVENYAMDYW,2
mouse_IgA,CARANGYYYFDYW,2
mouse_IgA,CARELGPGWYFDVW,2
mouse_IgA,CARGVITTVVEKDYAMDYW,2
mouse_IgA,CARDNYYGLYYYAMDYW,2
mouse_IgA,CAREAYYSKFHYFDYW,2
mouse_IgA,CASSNYWYFDVW,2
mouse_IgA,CTRVATQYYFDYW,2
mouse_IgA,CARGGNWDVVFDYW,2
mouse_IgA,CARRDYYYGSSFDYW,2
mouse_IgA,CYYSNYGFDYW,2
mouse_IgA,CARYYDYFDYW,2
mouse_IgA,CVRQGPNYFDYW,2
mouse_IgA,CARYYGYYAMDYW,2
mouse_IgA,CARDGDDYGHWYFDVW,2
mouse_IgA,CARYYGYFDVW,2
mouse_IgA,CARSFITTVVANWYFDVW,3
mouse_IgA,CARDGSSYRAMDYW,3
mouse_IgA,CARSGDGYYRYFDVW,3
mouse_IgA,CARCPLYYYGSSPYAMDYW,3
mouse_IgA,CARPYGDYW,3
mouse_IgA,CARHYYYGSSYYAMDYW,3
mouse_IgA,CARAPLTGTFDYW,3
mouse_IgA,CASLYSNYGYWYFDVW,3
mouse_IgA,CARHGYDYAMDYW,3
mouse_IgA,CARDYGNYYAMDYW,3
mouse_IgA,CARYKRYFDYW,3
mouse_IgA,CAREGGLRLYYFDYW,3
mouse_IgA,CAKGGYSNYFDYW,3
mouse_IgA,CARRDYRMDYW,3
mouse_IgA,CAREGNYYGSSYANYW,3
mouse_IgA,CARYIYYYGSSYFDVW,3
mouse_IgA,CAREEEYYGSRDYW,3
mouse_IgA,CAKSRGFFDYW,3
mouse_IgA,CARRGYGSSGAMDYW,3
mouse_IgA,CTPGAMDYW,3
mouse_IgA,CARLTGRVDYW,3
mouse_IgA,CCASRGLYYFGSGYDWYFDVW,3
mouse_IgA,CARRGLRRPMDYW,3
mouse_IgA,CLPW,3
mouse_IgA,CARGYNYFDYW,3
mouse_IgA,CARSPSGNSVGYFDYW,3
mouse_IgA,CARGGGAFLGIFDYW,3
mouse_IgA,CARAHRFYFAVDYW,3
mouse_IgA,CTRKTTVVGDYFDYW,3
mouse_IgA,CCVKGPVYYTMDYW,3
mouse_IgA,CARSLLPAAWYFDVW,3
mouse_IgA,CARPRYDYGDYW,3
mouse_IgA,CVREENWVLDYW,3
mouse_IgA,CARSSRAIYYYGSTFDYW,3
mouse_IgA,CARAYDYFDYW,3
mouse_IgA,CASQTGSYAMDYW,3
mouse_IgA,CTGGTTVVAYWYFDVW,3
mouse_IgA,CARRITTFDYW,3
mouse_IgA,CARRGTRRSYWYFDVW,4
mouse_IgA,CARDYYGSSYVRNFDYW,4
mouse_IgA,CARRVVAHDYW,4
mouse_IgA,CARSDGYYWYFDVW,4
mouse_IgA,CARYGSSGYYWYFDVW,4
mouse_IgA,CVSRTYAMDYW,4
mouse_IgA,CTREGGRTYYFDYW,4
mouse_IgA,CARSYGDGNYEHAMDYW,4
mouse_IgA,CARWGYYDYDVYAMDYW,4
mouse_IgA,CADYYGSLYYFDYW,4
mouse_IgA,CARQGYYGNSYYFDYW,4
mouse_IgA,CAHSGYFDVW,4
mouse_IgA,CTRRYGNWRPMDYW,4
mouse_IgA,CTKSGWLLLAMDYW,4
mouse_IgA,CARGGHYYGSSYAMDYW,4
mouse_IgA,CARAFPFGYW,4
mouse_IgA,CARALYYGSSYGEFDVW,4
mouse_IgA,CARAFPFGCW,4
mouse_IgA,CATRIPSHVW,4
mouse_IgA,CARFRTYLSNYGYFDVW,4
mouse_IgA,CTGRVYYGQYYFDYW,4
mouse_IgA,CTGLTGPYW,4
mouse_IgA,CARGGGYWYFDVW,4
mouse_IgA,CARKYGNLWYFDVW,4
mouse_IgA,CARYYYGSSYYFDYW,4
mouse_IgA,CARSSYWYFDVW,4
mouse_IgA,CAAHSYGSSRGYFDVW,4
mouse_IgA,CTGLGFDYW,4
mouse_IgA,CARDGDYGNLFDYW,4
mouse_IgA,CVRGATSYYYAMDYW,4
mouse_IgA,CARGYYGNFDYW,4
mouse_IgA,CARPFDYW,5
mouse_IgA,CTGGLGDYW,5
mouse_IgA,CARRAGYFDVW,5
mouse_IgA,CARRGRTYYFDYW,5
mouse_IgA,CARSLSYYYGSSYSLYYAMDYW,5
mouse_IgA,CARYGNYFDVW,5
mouse_IgA,CVRGGDSYYSNYYVMDYW,5
mouse_IgA,CARGEWELGNFDYW,5
mouse_IgA,CARGGDSYYSNYYAMDYW,5
mouse_IgA,CARGYYGSSFDYW,5
mouse_IgA,CARRDYRMDYW,5
mouse_IgA,CARWSYYYGSRDYW,5
mouse_IgA,CCARMGRYLDVW,5
mouse_IgA,CKGDYGSSYWYFDVW,5
mouse_IgA,CARDDGTWAMDYW,5
mouse_IgA,CARSTYGPYYFDYW,5
mouse_IgA,CARWLTGIFDYW,5
mouse_IgA,CARHPYYDYGGRYFDVW,5
mouse_IgA,CARGLYAMDYW,5
mouse_IgA,CARGYFDVW,5
mouse_IgA,CTGLPGTYYFDYW,5
mouse_IgA,CAREDYW,6
mouse_IgA,CARGLWGFDYW,6
mouse_IgA,CARQRQLGRGDFDYW,6
mouse_IgA,CAKHARWLLPYYYAMDYW,6
mouse_IgA,CVRETIDYYGSREGYAMDYW,6
mouse_IgA,CARMASYGSSYPYWYFDVW,6
mouse_IgA,CARGRAPWDYW,6
mouse_IgA,CATRLTGTNFDYW,6
mouse_IgA,CAREKALLRTMDYW,6
mouse_IgA,CARHSYFDVW,6
mouse_IgA,CARDANYWYFDVW,6
mouse_IgA,CARPSYYSNWYFDVW,6
mouse_IgA,CTRAFPFGYW,6
mouse_IgA,CARRWGWYFDVW,6
mouse_IgA,CARRLGRGEDFDYW,6
mouse_IgA,CARSGSYAMDYW,6
mouse_IgA,CATVAYYVMDYW,6
mouse_IgA,CARYYYGSLDYW,6
mouse_IgA,CARVGIYYGNYFDYW,6
mouse_IgA,CARRGGLRHFDYW,6
mouse_IgA,CARDSNLYFDYW,6
mouse_IgA,CAYYGSSFDYW,6
mouse_IgA,CARYYSNSFDYW,6
mouse_IgA,CAIDYYGSSYWYFDVW,6
mouse_IgA,CARGFITTDGLDYW,6
mouse_IgA,CVRDYYGSSYYAMDYW,6
mouse_IgA,CVSRIYYGNYYAMDYW,6
mouse_IgA,CTTDYGSRGFAYW,7
mouse_IgA,CARRGFYFDYW,7
mouse_IgA,CARGTGLYYFDYW,7
mouse_IgA,CARGGSSYGYFDVW,7
mouse_IgA,CMRYGNYWYFDVW,7
mouse_IgA,CARADYW,7
mouse_IgA,CASGYYAMDYW,7
mouse_IgA,CARHYYGSSYYFDYW,7
mouse_IgA,CARIYYYGSSYYFDYW,7
mouse_IgA,CVRPKLGRGYFDVW,7
mouse_IgA,CARSTTVVDFDYW,7
mouse_IgA,CVREGDYDPYFDVW,7
mouse_IgA,CARRGLRRPMDYW,7
mouse_IgA,CARVPFLLRYPLGNFDVW,7
mouse_IgA,CAREDQLNTYW,7
mouse_IgA,CTRGTGRMDYW,7
mouse_IgA,CTRGTGRIEYW,7
mouse_IgA,CVRGAVLWYFDVW,7
mouse_IgA,CARAFDYW,7
mouse_IgA,CVRSGYYGYLYAMDYW,7
mouse_IgA,CARDRIITRYFDVW,7
mouse_IgA,CMRHGTRGFDYW,7
mouse_IgA,CSAIRHGYWYFDVW,7
mouse_IgA,CATNWYFDVW,7
mouse_IgA,CARFRTYYSNYGYFDVW,7
mouse_IgA,CARAFYYYAMDYW,7
mouse_IgA,CVRDADDGYYKGAMDYW,7
mouse_IgA,CARAGSNYEGDW,7
mouse_IgA,CARGWLLLDYW,7
mouse_IgA,CVFNYYGSGYGYW,7
mouse_IgA,CARGGQLRPLDYW,7
mouse_IgA,CARDLNWDGYFDVW,7
mouse_IgA,CTGRGFDYW,7
mouse_IgA,CARHDGWLRYYFDYW,7
mouse_IgA,CADFDYW,7
mouse_IgA,CARGVYYGSYFDYW,7
